LGA/Quarter,Jun 1999,Sep 1999,Dec 1999,Mar 2000,Jun 2000,Sep 2000,Dec 2000,Mar 2001,Jun 2001,Sep 2001,Dec 2001,Mar 2002,Jun 2002,Sep 2002,Dec 2003,Mar 2003,Jun 2003,Sep 2003,Dec 2003,Mar 2004,Jun 2004,Sep 2004,Dec 2004,Mar 2005,Jun 2005,Sep 2005,Dec 2005,Mar 2006,Jun 2006,Sep 2006,Dec 2006,Mar 2007,Jun 2007,Sep 2007,Dec 2007,Mar 2008,Jun 2008,Sep 2008,Dec 2008,Mar 2009,Jun 2009,Sep 2009,Dec 2009,Mar 2010,Jun 2010,Sep 2010,Dec 2010,Mar 2011,Jun 2011,Sep 2011,Dec 2011,Mar 2012,Jun 2012,Sep 2012,Dec 2012,Mar 2013,Jun 2013,Sep 2013,Dec 2013,Mar 2014,Jun 2014,Sep 2014,Dec 2014,Mar 2015,Jun 2015,Sep 2015,Dec 2015,Mar 2016,Jun 2016,Sep 2016,Dec 2016,Mar 2017,Jun 2017,Sep 2017,Dec 2017,Mar 2018,Jun 2018,Sep 2018,Dec 2018,Mar 2019,Jun 2019,Sep 2019,Dec 2019,Mar 2020,Jun 2020,Sep 2020,Dec 2020,Mar 2021,Jun 2021
Colac-Otway,68,75,80,80,75,80,83,85,90,85,95,95,-,95,100,115,118,105,115,110,110,110,105,115,115,115,125,115,130,130,-,133,138,135,140,145,145,148,150,130,150,150,165,150,160,153,150,168,165,165,150,170,165,170,185,160,185,150,180,165,175,190,190,190,168,165,180,180,178,195,195,195,195,190,200,190,203,205,205,205,214,210,215,253,230,225,223,230,230
Corangamite,-,60,-,-,-,55,-,-,-,-,-,-,-,80,-,-,-,-,-,-,-,-,-,-,-,-,-,-,-,-,-,-,-,-,-,-,-,-,-,-,130,135,-,-,-,-,-,100,-,-,180,-,-,-,-,-,-,-,120,-,-,-,-,123,-,-,-,-,-,-,-,-,-,-,-,-,-,168,190,403,210,143,180,.,195,225,225,.,.
Glenelg,65,-,70,80,74,70,75,85,85,85,83,88,85,90,88,95,90,95,100,90,-,-,110,100,100,100,90,100,-,105,-,-,115,110,120,195,130,123,145,150,130,-,125,120,125,125,-,150,120,140,125,140,-,135,140,150,-,138,145,-,150,-,170,178,135,148,155,135,-,148,150,160,150,160,160,160,148,150,153,193,173,235,170,170,200,175,180,350,235
Greater Geelong,80,80,80,85,85,85,85,90,90,90,90,90,90,95,95,95,95,95,100,100,100,100,110,105,105,105,105,110,110,115,115,120,120,125,125,135,130,140,145,145,150,150,150,160,163,160,170,180,175,180,185,185,190,190,195,190,200,190,200,200,210,200,200,210,195,210,210,210,210,210,210,215,210,215,215,225,210,225,220,230,225,238,240,260,252,250,250,265,250
Moyne,-,-,-,-,-,-,-,-,-,-,-,-,-,-,-,-,-,-,-,-,-,-,-,-,-,-,-,-,-,-,-,-,-,-,-,-,-,-,-,-,-,-,-,-,-,-,-,-,-,-,-,-,-,-,-,-,-,-,-,-,-,-,-,-,-,-,-,-,-,-,-,-,-,-,-,-,-,-,-,-,-,-,-,-,-,-,-,-,-
Queenscliffe,-,-,-,-,-,-,-,-,-,-,-,-,-,-,-,-,-,-,-,-,-,-,-,-,-,-,-,-,-,-,-,-,-,-,-,-,-,-,-,-,-,-,-,-,-,-,-,-,-,-,-,-,-,-,-,-,-,-,-,-,-,-,-,-,-,-,-,-,-,-,-,-,-,-,-,-,-,-,-,-,-,-,-,-,-,-,-,-,-
Southern Grampians,65,68,70,68,70,75,75,73,75,75,68,80,75,75,75,80,80,85,80,88,90,90,-,95,90,100,92,130,123,98,100,100,115,95,103,113,108,113,100,120,108,120,103,120,120,105,120,110,130,150,125,120,150,150,130,150,135,130,145,120,-,140,-,130,-,140,137,130,145,130,150,140,150,150,135,150,150,140,160,158,200,160,150,160,165,150,180,170,190
Surf Coast,100,92,100,118,100,103,90,100,100,120,110,115,120,135,120,115,115,-,-,130,113,-,153,-,145,153,145,-,-,150,148,160,163,-,170,-,170,175,160,178,165,180,220,200,215,198,195,200,225,230,200,225,-,260,215,220,-,215,250,228,220,240,-,210,-,220,220,-,243,225,-,280,-,250,300,265,265,-,-,-,-,-,-,-,-,-,-,-,-
Warrnambool,75,75,75,80,70,80,80,80,80,80,85,85,90,90,90,95,90,100,110,98,85,100,110,113,100,75,110,123,120,120,100,120,123,130,110,135,125,130,98,125,120,160,140,170,140,150,160,160,135,158,128,170,155,165,170,140,155,165,200,180,200,170,200,200,170,200,203,170,190,193,200,170,190,195,200,193,185,212,220,215,200,220,200,230,230,230,260,270,195
Group Total,80,80,80,85,85,85,85,85,85,89,90,90,90,90,90,95,95,95,100,100,100,100,110,105,105,105,105,115,115,115,115,120,120,120,125,135,130,140,140,145,150,150,150,160,160,160,160,170,170,178,180,180,180,185,185,185,190,190,190,200,200,200,200,200,195,200,200,200,200,200,210,210,210,210,210,220,205,220,220,230,220,230,230,255,250,250,250,265,250
Ararat,-,-,-,-,68,80,75,75,-,-,80,83,-,80,-,-,80,80,-,80,-,-,-,-,-,-,-,90,-,-,-,-,85,-,-,100,-,-,-,-,-,-,-,-,100,-,-,-,-,-,-,124,-,-,-,140,-,-,-,-,-,-,-,-,-,-,-,-,140,-,-,-,-,-,-,-,-,158,.,200,170,170,170,.,170,170,170,170,183
Ballarat,80,80,80,80,80,85,85,85,85,85,90,85,90,90,95,90,95,98,100,95,100,95,100,105,100,100,105,105,108,110,110,110,110,115,115,115,120,120,120,130,130,130,130,130,145,140,135,140,148,140,150,150,150,160,150,156,160,160,160,160,155,155,160,168,160,165,170,165,165,165,165,170,180,170,175,170,175,175,185,185,189,185,190,198,190,195,190,210,203
Golden Plains,-,-,-,-,-,-,-,-,-,-,-,-,-,-,-,-,-,-,-,-,-,-,-,-,-,-,-,-,-,-,-,-,-,-,-,-,-,-,-,-,-,-,-,-,-,-,-,-,-,-,-,-,-,-,-,-,-,-,-,-,-,-,-,-,-,-,-,-,-,-,-,-,-,-,-,-,-,-,-,-,-,-,-,-,-,-,-,-,-
Hepburn,-,-,-,-,-,-,-,98,-,-,-,-,-,-,-,-,105,100,-,-,120,-,-,-,120,-,-,-,-,-,-,160,-,-,-,140,-,150,150,-,-,-,-,-,-,-,165,-,-,-,190,-,200,-,192,-,-,-,-,225,-,-,-,-,-,-,-,238,-,-,-,-,-,-,-,-,-,-,-,-,-,-,-,-,-,-,-,-,-
Hindmarsh,-,-,-,-,-,-,-,-,-,-,-,-,-,-,-,-,-,-,-,-,-,-,-,-,-,-,-,-,-,-,-,-,-,-,-,-,-,-,-,-,-,-,-,-,-,50,-,-,-,75,120,120,-,-,-,75,-,80,-,-,-,-,-,130,-,100,-,-,118,-,-,-,-,-,-,-,-,-,-,-,-,-,-,-,-,-,-,-,-
Horsham,65,65,65,65,60,65,70,70,70,70,75,70,70,80,75,75,70,83,75,65,78,78,-,80,-,83,-,83,80,-,93,100,113,95,95,85,110,100,110,105,100,125,110,160,95,145,110,110,283,135,113,120,160,148,150,150,232,115,140,301,135,178,220,145,266,200,160,175,125,145,183,155,250,218,200,213,230,150,160,250,190,160,230,250,230,263,185,180,220
Moorabool,80,65,95,85,88,85,-,93,95,100,-,85,90,-,85,95,-,-,-,100,-,-,110,-,-,90,-,-,95,-,-,-,-,556,145,395,295,130,150,-,-,130,155,150,-,155,145,175,160,-,-,190,170,-,-,-,-,-,175,190,140,-,140,180,175,225,-,-,-,210,200,-,220,230,215,-,-,230,240,255,240,223,250,230,235,250,300,240,245
Northern Grampians,75,-,75,80,75,75,-,75,75,78,74,78,85,85,85,85,85,85,83,85,-,-,85,93,83,88,85,92,-,-,-,95,85,-,90,90,115,93,90,85,-,100,95,100,108,-,-,105,-,100,100,115,-,95,108,95,120,-,140,115,120,-,190,100,123,128,123,-,150,133,135,-,150,-,120,140,155,-,-,-,-,-,-,-,-,-,-,-,-
Pyrenees,-,-,-,-,-,-,-,-,-,-,-,-,-,-,-,-,-,-,-,-,-,-,-,-,-,-,-,-,-,-,-,-,-,-,-,-,-,-,-,-,-,-,-,-,-,-,-,-,-,-,-,-,-,-,-,-,-,-,-,-,-,-,-,-,-,-,-,-,-,-,-,-,-,-,-,-,-,-,-,-,-,-,-,-,-,-,-,-,-
West Wimmera,-,-,-,-,-,-,-,-,-,-,-,-,-,-,-,-,-,-,-,-,-,-,-,-,-,-,-,-,-,-,-,-,-,-,-,-,-,-,-,-,-,-,-,-,-,-,-,-,-,-,-,-,-,-,-,-,-,-,-,-,-,-,-,-,-,-,-,-,-,-,-,-,-,-,-,-,-,-,-,-,-,-,-,-,-,-,-,-,-
Yarriambiack,-,-,-,-,-,-,-,-,-,-,-,-,-,-,-,-,-,-,-,-,-,-,-,-,-,-,-,-,-,-,-,-,-,-,-,-,-,-,-,-,-,-,-,-,-,-,95,-,-,105,-,-,-,-,-,-,-,-,-,-,-,-,-,-,-,-,-,-,-,-,-,-,110,-,-,-,-,120,120,125,120,115,130,115,130,130,128,120,110
Group Total,80,80,80,80,80,80,80,85,85,85,90,85,90,90,90,90,95,95,95,95,95,95,100,100,100,100,105,100,105,110,105,110,110,115,113,110,120,120,120,125,128,129,125,130,135,140,130,140,145,135,150,148,150,150,150,155,160,150,160,160,150,155,160,155,160,160,165,165,160,160,165,163,170,170,165,165,170,170,180,185,175,180,188,185,190,195,190,200,200
Buloke,-,-,-,-,-,-,-,-,-,-,-,-,-,-,-,-,-,-,-,-,-,-,-,-,-,-,-,-,-,-,-,-,-,-,-,-,-,-,-,-,-,-,-,-,-,-,108,-,-,-,-,-,-,-,-,-,-,-,-,-,-,-,-,-,-,-,-,-,-,-,118,-,-,-,-,-,-,-,-,-,-,-,-,-,-,-,-,-,-
Campaspe,83,90,85,90,85,85,90,90,105,93,90,90,100,90,89,90,89,95,90,90,89,89,89,90,90,100,95,95,103,95,95,110,120,115,123,108,120,110,130,125,115,115,130,120,123,100,120,120,133,140,128,150,125,125,140,123,133,125,125,-,145,120,130,135,150,170,150,148,-,145,-,-,150,148,130,148,150,150,150,155,148,165,165,170,165,150,170,170,170
Central Goldfields,80,75,-,-,78,90,-,-,80,72,80,85,75,-,-,75,100,-,-,93,-,-,90,105,-,100,-,100,-,100,-,90,-,-,-,105,-,-,-,-,-,-,-,105,-,-,-,125,-,-,-,125,-,-,-,-,-,-,-,-,-,-,-,-,-,-,-,-,170,165,-,-,-,173,155,-,165,-,-,-,-,-,-,-,-,-,-,-,-
Gannawarra,83,-,-,-,-,-,-,85,-,90,-,-,-,93,-,-,88,-,-,-,-,-,-,-,-,-,-,87,-,-,-,-,-,-,-,-,-,-,-,-,-,-,-,-,-,-,-,-,-,-,140,-,-,-,-,-,-,-,120,-,-,-,-,-,-,-,-,-,-,-,-,-,-,-,-,-,-,-,-,-,-,-,-,-,-,-,-,-,-
Greater Bendigo,90,85,85,90,85,90,90,88,90,90,90,95,100,95,100,100,100,100,105,110,110,111,113,110,115,115,110,120,120,120,110,123,120,125,125,125,125,130,128,135,130,138,140,133,135,150,140,144,150,163,153,160,155,160,170,160,165,160,169,165,165,172,170,170,160,170,160,180,183,180,180,176,188,180,160,200,188,180,180,180,184,200,190,200,200,205,220,220,230
Loddon,-,-,-,-,-,-,-,-,-,-,-,-,-,-,-,-,-,-,-,-,-,-,-,-,-,-,-,-,-,-,-,-,-,-,-,-,-,-,-,-,-,-,-,-,-,-,-,-,-,-,-,-,-,-,-,-,-,-,-,-,-,-,-,-,-,-,-,-,-,-,-,-,-,-,-,-,-,-,-,-,-,-,-,-,-,-,-,-,-
Macedon Ranges,78,90,90,90,95,-,100,56,-,100,100,101,90,132,-,93,100,105,110,110,-,110,100,110,110,110,110,125,110,133,110,91,130,115,135,140,-,-,-,138,143,150,180,147,165,-,138,-,-,160,-,195,225,185,-,190,200,-,200,-,-,-,-,210,165,235,170,-,200,180,-,250,230,-,225,210,-,213,205,181,195,265,243,193,290,235,305,252,.
Mildura,75,80,80,80,85,85,85,85,85,88,85,95,88,95,85,98,95,95,100,95,100,110,96,105,98,100,98,100,100,92,100,100,120,95,110,110,105,110,125,110,105,125,128,123,128,120,110,127,130,135,140,125,130,130,130,138,135,145,148,155,150,170,180,150,175,180,160,156,188,190,190,170,170,190,170,175,208,165,180,175,200,166,175,210,210,200,195,210,200
Mount Alexander,-,-,-,-,-,95,100,-,100,-,80,-,-,-,-,-,-,110,-,-,-,-,-,-,-,-,125,130,-,-,-,-,148,-,-,-,-,-,-,-,-,-,-,-,-,-,-,-,-,-,-,-,-,220,-,-,-,-,-,-,-,-,210,-,-,-,200,-,-,-,-,-,-,-,-,-,-,-,-,-,-,-,-,-,-,-,-,-,-
Swan Hill,80,75,80,80,80,75,80,80,80,80,80,85,85,95,90,90,90,80,90,90,90,90,98,93,95,95,95,95,95,100,100,100,105,110,110,110,110,110,115,115,110,110,110,115,115,115,120,120,115,120,125,120,120,130,128,130,128,130,130,135,135,135,130,135,135,135,135,140,140,143,140,140,143,150,150,145,140,150,150,155,150,155,158,160,165,160,160,170,170
Group Total,80,80,80,85,85,85,85,85,85,90,90,90,90,95,90,95,95,95,100,100,100,105,100,105,105,105,100,108,110,110,105,110,120,115,115,113,115,110,120,125,120,125,130,125,125,130,125,125,130,138,134,150,145,144,145,145,140,150,152,160,150,150,160,155,154,170,160,160,170,170,170,170,160,170,156,180,165,165,169,170,170,188,180,180,195,180,180,200,195
Alpine,-,-,-,-,-,-,-,-,-,-,-,-,-,-,-,-,-,-,-,-,-,90,-,-,90,90,110,-,-,-,-,-,-,-,-,-,-,-,-,150,-,150,-,-,-,-,135,-,120,-,-,-,145,-,-,-,140,-,145,150,-,-,160,-,-,-,-,180,175,-,-,170,230,-,185,200,-,-,-,-,-,-,-,-,-,-,-,-,-
Benalla,75,75,80,75,85,-,80,85,83,85,-,90,80,85,100,105,100,-,100,-,100,-,-,-,120,-,110,-,-,-,-,125,-,120,115,125,-,105,120,-,170,160,140,145,135,125,140,140,140,130,130,140,150,138,140,140,155,130,143,130,150,150,150,150,150,150,145,150,165,150,150,-,150,-,160,150,178,150,160,188,173,180,185,215,169,170,195,320,250
Greater Shepparton,85,85,85,85,85,90,85,85,90,85,90,95,90,90,95,95,95,90,90,100,98,95,100,100,100,105,100,110,110,115,115,110,108,120,115,125,125,120,120,125,135,120,135,135,130,138,135,130,145,135,130,143,140,140,130,140,140,140,140,150,163,155,145,160,163,170,168,170,173,168,168,165,165,170,170,170,170,150,188,175,200,190,188,195,188,180,235,200,205
Indigo,-,-,-,-,-,68,85,-,-,-,-,-,-,-,90,95,-,-,-,100,-,-,-,-,-,-,-,110,-,-,113,108,-,-,-,-,-,-,-,-,120,150,-,-,-,-,-,-,-,-,-,-,150,-,-,-,-,-,-,-,-,-,-,-,-,-,145,-,-,-,-,-,-,-,-,-,-,-,-,-,-,-,-,-,-,-,-,-,-
Mansfield,-,-,-,-,-,-,-,-,-,-,-,-,-,-,-,-,-,-,-,-,-,-,-,-,-,-,-,-,-,-,-,-,-,-,-,-,-,-,-,-,-,-,-,-,-,-,-,-,-,-,-,-,-,-,-,-,-,-,-,-,-,-,-,-,-,-,-,-,-,-,-,-,-,-,-,-,-,-,-,-,-,-,-,-,-,-,-,-,-
Mitchell,85,88,-,80,83,88,90,88,90,90,90,85,95,85,90,90,90,91,94,95,94,100,90,-,95,95,100,98,98,100,100,115,115,115,100,110,115,115,105,-,-,-,120,-,-,105,120,135,-,-,-,-,150,-,136,150,-,153,155,160,150,-,-,-,150,170,-,178,-,185,195,-,150,-,-,178,-,-,-,-,-,-,-,-,-,-,-,-,-
Moira,65,80,77,75,75,80,80,90,85,80,85,85,83,85,85,83,85,85,90,85,90,85,70,90,90,90,90,70,95,100,80,90,100,100,84,100,96,100,95,105,110,100,103,100,103,105,115,125,110,110,113,125,110,120,110,110,110,125,120,100,110,123,123,118,135,125,135,120,125,145,110,128,123,125,120,145,138,140,143,125,123,150,135,150,155,130,138,120,140
Murrindindi,-,-,-,-,-,-,-,-,-,-,-,-,-,-,-,-,-,-,-,-,-,-,-,-,-,-,-,-,-,-,-,-,-,-,-,-,-,-,-,-,-,-,-,-,-,-,-,-,-,-,-,-,-,-,-,-,-,-,-,-,-,-,-,-,-,-,-,-,-,-,-,-,-,-,-,-,-,-,-,-,-,-,-,-,-,-,-,-,-
Strathbogie,-,-,-,-,-,75,-,-,-,-,-,85,-,-,-,-,-,-,75,-,-,-,-,-,-,-,-,-,-,-,-,-,-,-,-,-,195,170,120,-,170,-,-,-,170,160,-,-,-,-,-,-,-,150,155,-,140,180,150,-,-,158,173,200,178,170,-,-,-,-,-,-,-,-,200,185,-,210,225,200,210,200,210,.,210,290,203,210,235
Towong,-,-,-,-,-,-,-,-,-,-,-,-,-,-,-,-,-,-,-,-,-,-,-,-,-,-,-,-,-,-,-,-,-,-,-,-,-,-,-,-,-,-,-,-,-,-,85,-,-,-,-,-,-,-,-,-,-,-,-,110,-,-,-,-,-,-,-,-,-,-,-,-,-,-,-,-,-,-,-,-,-,-,-,-,-,-,-,-,-
Wangaratta,83,90,80,85,85,85,85,85,88,95,85,88,90,98,90,90,85,90,-,105,-,95,110,110,120,125,115,115,125,120,113,125,130,128,125,125,120,113,125,120,120,130,158,133,148,133,133,140,130,130,140,143,140,145,140,140,140,140,140,150,140,143,165,141,150,160,165,150,153,175,185,170,150,180,165,180,193,185,180,190,195,200,190,185,195,185,195,193,200
Wodonga,85,88,90,85,85,85,88,88,90,85,90,90,88,95,90,90,95,100,105,100,95,101,98,110,100,118,115,115,115,125,130,130,130,110,120,123,138,120,138,115,130,140,140,110,175,140,140,140,140,150,150,150,148,163,153,165,160,175,170,170,175,170,173,168,165,203,175,170,173,178,165,175,160,175,175,173,175,175,180,173,185,190,180,175,190,200,185,200,200
Group Total,85,85,85,85,85,85,85,85,85,85,90,85,90,90,90,90,90,90,95,98,95,95,100,95,100,105,100,105,115,115,110,114,113,120,110,120,120,115,120,120,130,127,130,130,135,130,130,130,140,130,135,140,140,140,140,148,140,140,140,145,155,150,160,150,160,160,165,160,170,160,165,170,155,170,170,170,180,165,180,180,190,185,180,185,193,185,195,200,200
Bass Coast,-,-,90,-,85,-,-,-,-,-,-,-,-,120,-,-,115,-,-,-,-,100,-,-,105,-,-,-,-,-,-,-,-,-,-,-,-,-,125,-,-,-,-,215,400,270,-,265,210,305,400,260,213,158,-,175,-,260,250,230,-,-,-,240,-,174,215,-,230,250,220,245,-,260,220,250,-,-,-,-,-,-,-,-,-,-,-,-,-
Baw Baw,75,78,73,75,70,88,80,90,80,100,88,75,90,100,75,-,100,98,95,108,110,100,100,100,100,100,110,110,103,115,110,98,115,119,115,120,120,118,115,130,120,140,125,150,130,135,155,135,158,145,170,140,150,170,155,160,170,155,-,175,143,160,150,180,-,170,165,-,170,190,160,185,190,180,195,185,185,-,-,-,-,-,-,-,-,-,-,-,-
East Gippsland,85,80,85,80,75,83,80,85,80,90,85,85,90,90,90,90,93,103,120,95,90,97,115,125,80,115,120,100,115,100,115,120,123,103,130,130,80,130,130,138,140,140,130,135,140,140,115,160,155,150,150,156,125,150,160,148,158,170,150,170,155,170,160,168,180,175,157,180,168,175,175,168,180,165,180,190,190,190,175,185,195,200,200,210,200,220,185,220,240
Latrobe,70,65,65,65,70,65,75,65,70,65,70,65,70,75,70,70,75,75,75,75,75,75,80,75,75,75,80,80,80,80,80,80,90,88,88,90,95,90,100,90,100,100,105,110,100,114,118,120,115,120,115,120,118,120,120,123,120,120,120,123,120,135,125,150,125,160,145,150,130,140,150,140,140,150,150,150,150,150,160,175,160,165,158,165,170,180,195,185,200
South Gippsland,75,-,65,75,75,75,73,85,-,85,75,-,83,80,90,95,105,-,-,110,-,120,110,115,-,110,98,115,-,120,-,-,120,125,120,-,-,115,185,100,120,120,130,125,123,140,-,-,143,123,150,155,160,135,165,165,-,170,150,160,175,148,-,155,-,-,160,145,145,180,173,-,160,190,168,180,125,168,188,165,210,185,185,185,220,201,205,190,220
Wellington,75,65,75,65,70,80,75,73,75,75,75,80,80,80,85,85,90,90,90,85,93,100,100,95,110,95,100,95,110,95,110,108,103,110,110,120,115,110,123,115,125,120,123,130,133,135,130,145,145,140,135,140,145,140,135,143,150,148,150,150,155,160,160,160,160,160,170,170,170,160,150,160,160,160,163,160,160,168,180,175,170,190,200,190,200,200,200,220,200
Group Total,70,70,75,70,70,73,75,75,75,75,75,70,75,80,75,80,90,83,85,80,80,85,90,85,85,90,90,90,95,90,85,90,100,95,100,100,100,110,115,105,115,115,120,120,120,135,125,133,135,135,140,140,135,135,140,140,140,140,140,150,145,150,150,160,150,165,160,160,160,164,155,160,160,160,165,160,163,165,170,180,170,180,180,185,180,200,200,200,200
Banyule,120,125,130,130,135,135,130,140,140,145,138,145,150,153,150,150,160,160,170,160,178,170,165,170,160,170,178,175,190,175,180,180,190,180,190,195,195,200,230,205,240,250,250,225,260,225,250,225,275,260,270,220,270,250,270,215,270,270,270,225,260,256,290,219,270,280,300,268,290,300,320,300,320,308,303,305,340,340,340,310,330,330,350,345,340,330,330,310,320
Brimbank,90,90,90,90,95,95,95,100,100,100,100,100,110,110,105,110,110,110,110,110,115,115,115,120,120,115,110,120,120,125,120,133,140,155,195,150,160,165,170,170,170,180,185,200,190,200,195,200,200,198,200,200,200,200,200,200,200,210,208,200,200,200,220,222,210,210,210,210,210,220,225,233,223,230,225,238,250,245,250,245,250,258,250,250,255,260,235,240,240
Darebin,105,110,110,110,115,115,120,120,125,125,125,130,130,135,135,135,140,140,140,147,145,150,145,150,150,155,150,159,160,160,165,173,185,185,190,200,205,225,220,230,230,240,230,240,245,250,250,250,250,260,255,260,260,270,260,270,260,270,270,270,270,270,280,280,280,290,280,280,280,295,300,300,295,300,310,310,310,320,310,320,320,330,320,330,320,320,310,310,300
Hobsons Bay,100,100,100,105,110,105,115,115,120,118,120,125,125,130,120,125,131,125,130,133,128,135,130,135,138,135,145,135,150,153,150,150,160,165,160,180,185,195,200,190,200,220,210,220,230,220,243,230,230,230,220,240,240,250,235,238,250,260,240,250,255,260,260,260,285,270,260,265,260,280,270,285,275,308,295,300,300,315,300,300,310,300,310,295,300,313,290,288,295
Hume,105,105,110,108,115,115,110,120,115,125,120,120,113,123,120,120,120,135,120,143,123,135,113,135,125,130,140,138,150,135,145,145,153,165,158,160,165,185,175,180,205,190,190,198,220,203,190,183,210,230,203,215,230,220,200,193,200,225,225,238,228,210,230,240,245,245,218,230,220,270,220,230,285,265,255,250,245,245,260,258,280,250,280,270,310,255,280,280,220
Maribyrnong,95,95,95,95,95,95,100,100,100,105,105,110,110,120,110,115,120,120,120,125,120,125,125,130,130,130,128,135,133,135,135,150,170,160,160,195,195,195,190,195,195,195,195,200,200,200,210,215,210,223,230,220,230,220,230,230,240,230,249,230,255,256,253,249,250,260,250,240,250,280,260,296,260,300,270,275,275,282,300,275,281,310,350,300,285,300,300,290,300
Melbourne,180,195,199,200,215,220,220,220,240,245,240,240,245,250,240,250,250,255,250,260,254,250,260,264,270,265,270,265,280,275,280,280,300,300,300,290,300,325,340,320,360,350,350,340,355,355,370,340,370,360,375,330,370,360,370,350,380,360,370,350,370,360,380,355,380,370,370,355,390,380,390,395,410,400,413,405,420,420,430,420,435,425,420,414,375,350,320,310,300
Melton,-,-,-,-,-,-,-,-,-,-,-,-,-,-,-,-,-,-,-,-,-,-,-,-,-,-,-,-,-,-,-,-,-,-,-,227,227,229,286,294,297,260,-,240,290,277,261,309,294,274,274,281,281,284,284,290,290,-,298,301,301,301,310,280,314,314,313,314,322,314,314,317,320,320,328,328,328,333,338,326,338,305,310,346,345,345,310,346,349
Moonee Valley,115,115,120,120,125,125,120,125,130,130,130,135,140,140,140,140,143,140,145,150,150,145,150,150,155,155,155,162,165,165,170,170,190,180,190,200,220,210,230,220,230,230,240,233,250,250,240,260,260,260,252,275,270,250,255,265,260,260,265,273,280,277,270,280,290,280,288,290,300,293,285,300,310,350,325,315,320,320,350,363,340,330,330,350,336,330,325,320,300
Moreland,110,110,115,120,120,120,120,123,125,130,130,130,132,132,135,140,140,140,140,145,145,147,145,150,150,150,150,150,150,160,160,171,175,180,188,200,210,220,210,230,240,240,240,240,250,250,254,260,260,270,255,260,270,265,269,270,280,270,280,280,290,295,290,280,280,300,290,300,300,330,300,310,320,325,335,330,340,360,345,340,350,355,345,350,360,350,320,320,310
Nillumbik,115,-,110,-,120,-,105,133,-,115,-,135,140,150,150,156,155,-,-,120,-,145,-,175,155,-,160,150,175,150,160,160,165,-,-,-,-,-,190,-,245,175,175,235,-,-,213,190,250,250,-,190,130,-,-,220,-,-,-,-,200,-,-,270,-,230,215,-,275,227,-,283,-,-,285,-,268,325,350,323,300,285,320,330,300,318,300,370,330
Whittlesea,-,125,-,98,-,95,100,105,95,-,-,-,120,93,-,130,-,-,-,150,148,135,-,-,160,163,135,170,145,160,200,170,160,-,170,200,190,220,-,220,220,240,170,235,235,270,240,250,230,260,265,250,250,260,255,270,260,270,275,275,263,277,270,270,268,280,275,275,270,278,280,280,285,295,290,290,298,300,300,310,295,300,305,300,300,310,295,300,300
Wyndham,-,95,-,-,108,110,110,118,125,125,-,-,125,125,110,100,125,-,110,120,125,-,113,-,130,135,133,135,143,-,130,145,155,160,-,145,160,165,155,185,190,235,220,185,195,210,198,200,213,215,230,225,212,205,230,200,205,230,200,230,253,260,250,210,238,285,260,255,230,245,240,290,290,250,265,258,290,305,290,308,293,300,270,290,290,285,275,300,295
Yarra,140,135,140,140,150,150,150,160,160,170,165,170,170,170,170,180,175,180,178,180,178,185,185,185,180,190,200,200,200,200,200,220,230,225,240,270,278,250,265,265,280,275,295,280,295,290,295,300,320,310,322,340,340,320,320,320,340,345,350,340,350,350,350,350,360,350,360,370,375,360,370,380,390,380,393,400,400,400,410,400,410,410,405,410,380,370,350,350,345
Group Total,120,125,125,130,130,135,135,145,145,150,150,160,150,160,160,175,165,170,170,190,180,183,185,210,190,200,200,215,210,210,210,230,235,230,230,250,270,260,270,290,300,300,290,300,300,300,300,310,300,310,310,310,310,310,320,320,330,325,330,330,320,330,336,330,340,340,340,340,350,350,350,365,370,375,380,385,380,390,385,393,390,395,389,390,355,350,320,319,300
Boroondara,140,140,148,145,150,150,150,155,160,160,160,160,170,170,170,165,170,170,170,180,180,180,180,190,190,190,190,195,190,200,195,190,200,210,220,220,230,231,270,250,265,260,268,250,260,275,285,265,275,279,285,279,289,289,295,289,295,280,297,270,310,310,300,280,325,315,340,285,320,315,340,310,350,330,350,310,360,340,360,320,370,350,351,330,355,340,330,300,313
Knox,105,120,115,110,115,125,120,123,120,120,115,120,120,118,120,140,130,138,135,135,130,138,128,140,143,150,140,148,140,150,150,145,170,180,160,168,180,193,188,220,198,215,195,205,198,200,220,200,220,200,195,208,195,200,250,290,210,248,215,245,220,210,295,293,235,310,290,300,300,280,308,305,310,270,310,330,308,295,320,320,330,305,330,345,328,350,335,330,340
Manningham,125,130,120,130,130,125,140,140,140,150,150,150,155,150,158,138,149,163,145,145,153,158,165,150,165,148,180,175,160,238,175,195,280,240,218,180,218,230,250,265,233,278,235,250,245,335,295,335,253,253,245,325,345,350,350,350,350,280,350,350,330,350,350,350,355,350,360,350,350,350,350,350,368,360,360,370,363,370,370,375,380,380,370,380,355,350,350,350,330
Maroondah,115,120,115,115,124,120,125,120,125,130,130,130,130,133,125,120,123,138,145,125,135,128,138,133,135,140,155,160,180,180,170,175,165,205,188,160,195,200,225,200,190,210,230,200,210,223,208,195,240,198,235,235,235,213,230,250,245,250,250,235,260,275,250,270,280,273,288,280,270,288,313,283,293,305,300,310,300,308,320,323,350,320,323,320,320,328,325,330,340
Monash,120,165,125,150,128,133,133,143,138,165,125,158,130,140,150,155,143,135,175,155,153,140,148,163,180,135,173,198,160,205,220,210,190,208,220,195,230,280,250,250,283,290,253,260,263,250,260,260,290,275,285,255,230,250,275,250,280,233,260,243,310,300,280,268,300,303,310,265,310,283,290,263,350,310,310,280,330,300,345,300,340,295,350,330,350,310,320,320,320
Whitehorse,125,120,135,135,140,132,135,137,135,135,130,145,130,150,140,144,150,150,150,150,160,151,160,170,165,158,165,165,165,175,180,195,200,200,210,210,215,220,220,225,220,230,228,230,231,231,230,235,215,231,242,240,230,230,242,250,240,230,270,225,255,230,240,225,260,255,270,230,320,290,280,235,333,300,350,245,345,310,325,255,353,340,360,265,330,330,330,320,320
Yarra Ranges,118,115,115,110,115,115,118,115,125,123,115,125,125,120,120,130,125,130,128,130,128,130,135,135,135,140,135,140,130,140,145,145,145,150,155,150,170,170,172,200,170,180,180,193,190,195,195,200,200,200,200,210,210,206,200,230,200,230,210,220,234,238,225,230,225,238,220,240,230,250,233,250,255,260,255,250,245,260,265,270,250,258,290,290,260,260,292,300,290
Group Total,126,130,139,135,140,140,140,145,145,150,140,150,150,150,150,151,156,160,160,160,165,160,165,175,180,170,180,190,180,190,190,190,195,200,210,210,220,220,243,230,235,250,240,240,250,250,260,245,250,263,260,255,255,270,270,270,270,250,280,250,300,295,280,260,300,300,315,270,318,300,320,285,340,320,333,295,345,330,350,310,360,340,350,318,350,340,330,320,320
Bayside,135,144,150,125,150,150,140,158,153,140,160,145,150,160,180,165,160,170,153,155,170,175,200,170,200,185,225,210,203,255,220,255,250,255,230,288,280,295,275,295,305,330,300,320,320,330,310,330,320,330,320,320,338,320,320,323,310,330,330,345,335,320,310,318,300,315,330,350,360,370,350,340,360,360,380,360,365,380,385,380,370,385,375,385,380,370,365,360,360
Cardinia,-,-,110,-,-,-,-,-,120,110,-,-,-,-,-,-,-,-,115,138,-,-,-,-,-,-,-,130,-,-,-,-,-,180,-,-,-,-,-,165,183,152,185,185,225,170,-,-,-,200,-,-,134,250,240,-,-,-,230,-,180,150,-,220,-,-,-,-,-,-,-,-,-,230,220,-,-,235,240,.,193,268,265,150,223,200,300,250,295
Casey,98,105,-,125,125,125,-,110,140,156,125,156,156,161,123,120,115,135,125,120,120,130,-,123,130,120,175,150,153,130,143,155,173,175,165,-,165,188,230,180,210,195,228,215,200,205,180,215,225,198,208,225,195,218,240,230,220,220,220,235,240,257,245,260,240,258,243,232,232,240,250,260,240,260,270,260,260,260,270,265,263,280,270,280,273,280,280,270,277
Frankston,95,95,100,95,100,95,100,105,105,105,105,105,110,110,110,110,115,110,115,115,115,120,115,115,125,120,115,130,145,125,145,133,143,145,155,148,155,163,170,169,180,160,170,175,173,185,200,185,195,195,190,190,185,182,200,193,210,200,210,240,216,220,220,215,225,235,223,210,220,230,227,230,233,225,245,240,240,240,245,250,253,250,250,250,240,255,250,250,260
Glen Eira,125,125,130,130,135,135,135,135,140,140,140,145,145,145,150,150,150,150,150,160,155,160,160,165,165,165,165,170,180,180,183,185,190,200,200,210,220,230,225,230,230,240,240,250,250,250,250,260,260,265,265,265,270,265,260,265,270,265,270,262,280,270,270,276,275,280,275,280,280,290,295,300,295,295,300,300,310,313,315,315,310,320,340,320,320,300,300,300,280
Greater Dandenong,100,100,99,100,100,100,105,105,105,105,105,107,110,110,110,110,110,115,110,115,120,120,120,120,120,125,125,125,130,130,135,135,145,145,150,150,165,165,180,180,180,190,195,190,200,200,200,200,205,205,210,210,200,210,220,210,210,210,210,220,220,220,225,220,215,250,230,220,230,230,230,230,233,240,250,240,250,250,250,250,260,260,260,260,260,255,260,260,260
Kingston,110,110,110,115,120,120,120,120,120,120,125,130,130,130,130,130,130,135,148,140,135,140,150,140,150,145,150,153,150,160,164,170,178,175,180,190,205,205,205,210,220,225,230,233,230,230,245,250,250,250,250,258,260,250,255,255,260,265,270,260,275,258,280,265,273,290,280,290,280,297,285,280,295,313,295,300,300,320,300,315,300,325,305,320,315,305,315,320,320
Mornington Penin'a,90,98,100,90,95,90,90,100,110,100,110,110,118,100,110,120,120,120,123,120,98,100,130,130,110,115,113,140,135,130,135,145,148,165,155,180,145,195,175,190,200,195,205,213,220,200,195,218,230,220,220,230,213,218,220,215,225,238,166,215,243,230,240,225,235,250,245,220,245,245,233,230,275,260,250,265,275,275,290,265,275,300,245,250,285,275,260,300,305
Port Phillip,155,160,160,160,165,170,180,185,185,180,190,190,195,200,195,195,195,200,206,216,210,200,215,220,220,210,225,225,238,230,250,250,260,270,270,285,290,295,295,300,300,300,310,320,315,311,320,330,335,330,330,330,330,330,340,349,330,330,340,335,335,340,340,335,350,345,350,350,350,350,350,360,375,370,370,385,375,375,370,380,380,375,370,385,360,350,350,330,325
Stonnington,155,155,155,163,165,170,170,170,170,175,175,180,180,180,180,180,185,190,190,190,190,195,200,195,200,197,195,200,205,200,215,211,240,235,245,240,265,270,270,265,280,280,295,285,300,300,300,295,305,320,330,310,330,320,320,300,325,325,340,310,330,330,335,320,340,350,350,320,350,350,360,340,370,375,375,345,380,380,380,360,395,390,395,355,350,350,340,325,320
Group Total,140,140,145,145,150,150,155,160,160,160,165,170,165,170,170,175,172,175,180,180,180,180,185,185,190,185,190,190,195,200,210,210,225,230,240,240,250,260,260,260,265,265,275,275,285,285,290,280,295,300,300,295,308,295,300,295,300,300,310,300,310,300,310,300,310,320,320,310,320,320,330,325,340,340,350,335,350,350,350,350,350,350,359,349,342,330,325,315,305
Victoria,120,125,130,130,132,135,135,140,145,150,150,155,150,155,150,164,160,165,165,170,170,170,170,185,180,180,180,195,190,195,200,205,210,215,220,230,250,250,250,260,260,265,265,275,275,280,280,280,280,290,290,290,295,290,295,299,300,300,300,300,300,310,310,310,315,320,320,315,330,330,330,340,350,350,350,350,360,360,360,360,369,370,360,362,350,340,320,310,300
,,,,,,,,,,,,,,,,,,,,,,,,,,,,,,,,,,,,,,,,,,,,,,,,,,,,,,,,,,,,,,,,,,,,,,,,,,,,,,,,,,,,,,,,,
Metro,130,135,135,140,140,145,150,150,150,160,160,165,160,165,165,170,170,170,170,180,180,180,180,195,186,190,195,200,200,200,210,215,225,225,230,240,260,255,260,270,271,280,280,280,285,290,290,290,295,300,300,300,300,300,300,300,310,305,318,310,310,320,320,315,320,330,330,320,340,340,340,350,350,360,360,360,370,370,370,370,375,380,375,370,350,345,320,319,310
Non-Metro,80,80,80,80,80,85,85,85,85,85,85,85,90,90,90,90,95,95,95,95,95,97,100,100,100,100,100,105,110,110,110,110,115,115,115,120,120,120,125,125,130,130,130,130,135,140,135,145,150,150,150,150,150,155,155,160,160,160,160,165,165,165,170,175,170,180,175,175,175,180,180,180,180,180,180,185,180,180,190,195,195,195,195,200,205,210,215,220,220
Victoria,120,125,130,130,132,135,135,140,145,150,150,155,150,155,150,164,160,165,165,170,170,170,170,185,180,180,180,195,190,195,200,205,210,215,220,230,250,250,250,260,260,265,265,275,275,280,280,280,280,290,290,290,295,290,295,299,300,300,300,300,300,310,310,310,315,320,320,315,330,330,330,340,350,350,350,350,360,360,360,360,369,370,360,362,350,340,320,310,300
